id,title,author,year
1,Spy Kids: All the Time in the World in 4D,Nan Tocqueville,2009
2,Unlawful Entry,Jilli Eadington,1997
3,Chronic Town,Cathie Bowdidge,1997
4,"Ditchdigger's Daughters, The",Krishnah Geater,2010
5,Dillinger,Carroll Matthew,2008
6,"Rover, The",Ola Mortlock,2011
7,Buddies (Colegas),Julienne Arson,2010
8,All Watched Over by Machines of Loving Grace,Terence Purchon,2012
9,Manhunter,Jonas Brown,2002
10,White Elephant,Tilly Stanbro,1985
11,Gracie,Nicki Reijmers,2006
12,"Blood of a Poet, The (Sang d'un poète, Le)",Ky Gregoriou,1993
13,"Lay of the Land, The",Darcy Pollie,2012
14,"Pearls of the Crown, The (Les perles de la couronne)",Elie Coplestone,2008
15,Divorce Iranian Style,Demetra Hamblen,1984
16,Condo Painting,Karena Romaint,2008
17,Tatsumi,Kris Cosgry,2004
18,Timber Falls,Rutledge Cowwell,1989
19,Shadow of the Vampire,Siana Aggs,2006
20,Across the Tracks,Juliana Tuny,2006
21,Errors of the Human Body ,Hermy McTaggart,2005
22,"Crying Out Love in the Center of the World (Sekai no chûshin de, ai o sakebu)",Babita Mellenby,2012
23,Obsessed,Curt Godding,1997
24,Corky Romano,Riley Simchenko,2006
25,Emotion,Hermie Parley,2005
26,Tremors II: Aftershocks,Rowe Urridge,1999
27,Seven Pounds,Tamqrah Acome,2010
28,Today You Die,Bartholomeo Burkinshaw,1995
29,"Cremator, The (Spalovac mrtvol)",Donny Pechan,2004
30,Pascali's Island,Timotheus Henfre,1995
31,The Road to Glory,Jordanna Laughren,2008
32,Zeder,Bryce Lockett,2004
33,"X-Files: I Want to Believe, The",Torrance Bignall,2006
34,Alone with Her,Amitie Dunbobin,1995
35,Today You Die,Bernarr Foulis,1996
36,Private Lessons,Carey Delamar,2006
37,"Perfect Murder, A",Camille Falkus,2007
38,As If I Didn't Exist (Elina - Som om jag inte fanns),Baryram Woodeson,1989
39,Wrong Rosary (Uzak ihtimal),Shirl Blatherwick,1988
40,Melody,Earvin Giamo,1999
41,"Angus, Thongs and Perfect Snogging",Tybalt Attenborough,1993
42,Invasion of the Bee Girls,Richmond Sutworth,2009
43,Princess Aurora (Orora gongju),Janis Hurburt,2004
44,Eternal Sunshine of the Spotless Mind,Pepito Serris,1993
45,Strike Up the Band,Elvin Wrightam,2010
46,"Star Maker, The (Uomo delle stelle, L')",Viviyan Farnsworth,1990
47,Hello Down There,Yevette Chown,2004
48,Gone Fishin',Matthus Dabrowski,1971
49,Diamond Girl,Ag Anwyl,2011
50,Dinotopia,Audre Manuely,1987
51,Hateship Loveship,Aurelia Adamski,2004
52,Johns,Linzy Howgill,2007
53,V,Carmine Flecknell,2004
54,Sandra of a Thousand Delights (Vaghe stelle dell'Orsa...),Cathlene Fenna,2001
55,Porky's Revenge,Bartholomeus Epelett,2012
56,"Search, The",Delmor Kilalea,1997
57,"Tinker, Tailor, Soldier, Spy",Janna Horrell,2012
58,I Dream Too Much,Arley Scartifield,1993
59,Honeymoon in Vegas,Niccolo Tuddenham,2008
60,From the Orient with Fury,Maxim Crudginton,1995
61,What to Expect When You're Expecting,Norbert Biggen,1995
62,Dr. Goldfoot and the Bikini Machine,Carmon Powles,2002
63,Salon Kitty,Valentia Pesak,2008
64,Levitated Mass,Rafe Haddock,1994
65,Narco Cultura,Grannie Hannabus,1993
66,Damnation (Karhozat),Abe Pyner,2009
67,Roberta,Alley McTavish,2004
68,Do the Right Thing,Hillyer Duigan,2011
69,Tremors 4: The Legend Begins,Rubie Blaby,1994
70,Sweetwater,Karlens Greener,2007
71,"So Evil, So Young",Stormy Napper,2009
72,White Dog,Elenore Cometson,1999
73,Ethan Frome,Dulciana Shepland,2002
74,Detroit Rock City,Ronica Werndly,1993
75,When Nietzsche Wept,Edeline Yurkin,2011
76,'Salem's Lot,Worthy Twentyman,2001
77,"Curse of the Hedgehog, The (Blestemul ariciului)",Nikolos Bazek,2004
78,Soul Kitchen,Wilow Gent,1992
79,Hellbound?,Jacqueline Bezley,2008
80,RoboCop 3,Germana Remmer,2007
81,That Thing You Do!,Jessamyn Powlesland,2001
82,"Joy Luck Club, The",Elmer Pollard,2003
83,Yesterday Girl (Abschied von gestern - Anita G.),Jorrie Sexti,2008
84,Crackerjack,Odetta Gogerty,2004
85,Team America: World Police,Sileas Kynsey,2002
86,"Witches, The (Le streghe)",Marvin Dubois,2005
87,"Steam Experiment, The",Robinet Wytchard,2010
88,Tour De Force (Hin und weg),Magnum Dairton,1995
89,Chinese Zodiac (Armour of God III) (CZ12),Arman Davidsohn,2005
90,Top Banana,Leigha Roscrigg,2011
91,Race,Dene Burborough,2008
92,"Glass Web, The",Rozelle Strevens,2005
93,Lola,Carlynn Pauley,2008
94,Nim's Island,Gail Ridulfo,2012
95,Dragon Ball Z: Fusion Reborn (Doragon bôru Z 12: Fukkatsu no fyushon!! Gokû to Bejîta),Stanleigh Woodfine,1993
96,Pale Rider,Sacha Thorsby,2002
97,Heaven,Cary De Giorgio,1991
98,Ouch (Aïe),Jeremias Vise,1964
99,"Naked Gun 2 1/2: The Smell of Fear, The",Neda Stille,2005
100,Ten Seconds to Hell,Staci Jimenez,1996
101,Rory O'Shea Was Here (Inside I'm Dancing),Merlina Antonich,2009
102,India: Matri Bhumi,Erick Skettles,2004
103,Mein Kampf,Annabella De Domenici,1992
104,Mr. Robinson Crusoe,Murray McGenn,1992
105,200 Cigarettes,Nona Figliovanni,2011
106,Alfie,Baxy Bustard,2006
107,Perkele! Kuvia Suomesta,Cosette Perillo,2012
108,"Counterfeiters, The (Le cave se rebiffe)",Binni Pennone,1993
109,11 x 14,Ivor Elcomb,2003
110,Vatel,Halli Zywicki,2000
111,Islands in the Stream,Malena Strutley,2004
112,Ballad of the Little Soldier (Ballade vom kleinen Soldaten),Rhodia Gerred,2000
113,Everything Put Together,Jarid Dwelly,1992
114,Requiem for a Dream,Brigitte Illwell,2006
115,State of Play,Karlie Gioani,2008
116,Ten Little Indians (Ein Unbekannter rechnet ab) (And Then There Were None),Jory Sandy,1985
117,Triad Election (Election 2) (Hak se wui yi wo wai kwai),Maxie Hartegan,2006
118,Valentino,Gardener Leele,2010
119,Naked in New York,Ibby Izzatt,1994
120,For the Love of Movies,Innis Tolwood,1993
121,Swept Away,Blake Baldree,2008
122,United,Adamo Clayton,2000
123,Kind Hearts and Coronets,Harv Burgise,2002
124,At Five in the Afternoon (Panj é asr),Janna Gniewosz,2008
125,Abbott and Costello Meet the Mummy,Jarret Brittain,2009
126,Pelle Svanslös i Amerikatt,Shawnee Matterdace,2003
127,Golden Earrings,Giovanni Macknish,1998
128,High School Musical 3: Senior Year,Ynes Nayshe,2006
129,No Distance Left to Run,Russ Flintoff,2013
130,"Spy Who Came in from the Cold, The",Druci Thaim,1998
131,"Island President, The",Katinka Saffer,1988
132,Ilo Ilo,Cchaddie Please,2011
133,SIS,Hilliard Chawner,1996
134,Doubt,Bridget Beaney,1996
135,"Catered Affair, The",Trisha Shellshear,2009
136,"Love Punch, The",Terrie Bouttell,1998
137,"Cool World, The",Jermain Giovannetti,2002
138,Days and Clouds (Giorni e nuvole),Lilyan McAnalley,2009
139,High Anxiety,Peg Hillen,2009
140,Drumline,Reilly Mapis,2003
141,Thoroughly Modern Millie,Daisey Phillins,2012
142,"World's Greatest Athlete, The",Olag Chipman,1997
143,Times and Winds (Bes vakit),Lavinia Durant,1954
144,Madam Satan,Melessa Luciani,2005
145,The Auction,Franklyn Van den Broek,2008
146,Rowing with the Wind (Remando al viento),Falito Divina,2001
147,"Rainmaker, The",Anissa Diess,2008
148,To.get.her,Hurley Sprake,1992
149,Escape from the Planet of the Apes,Alleyn Barringer,1998
150,Côte d'Azur (Crustacés et coquillages),Alvera Gaylard,1992
151,Another Country,Dene Mauditt,1998
152,Across the Hall,Blanch Ellerman,2001
153,Welcome to the South (Benvenuti al Sud),Linnie Haburne,1997
154,Sekirei,Genna Tinner,2003
155,"Bang Bang Club, The",Weber Lyst,1995
156,"Pig's Tale, A",Caril Reeme,2003
157,"Great Gabbo, The",Dorian Ferfulle,2009
158,"Piano Teacher, The (La pianiste)",Becca Blinerman,1999
159,Zombie (a.k.a. Zombie 2: The Dead Are Among Us) (Zombi 2),Vernice Hamber,2013
160,Hands Over the City (Le mani sulla città),Mariya Dunnaway,2008
161,"Maxed Out: Hard Times, Easy Credit and the Era of Predatory Lenders",Lou Corbett,2007
162,Teen Witch,Alfy Dowdall,2005
163,Ticker,Elinor Badrick,1991
164,Body Snatchers,Byram Hartshorn,1964
165,Century of the Dragon (Long zai bian yuan),Hill Fevier,1998
166,"Miracle of Bern, The (Wunder von Bern, Das)",Alvinia Handsheart,2003
167,Impulse,Henrieta Dampier,2000
168,Pride,Rochella O'Sheeryne,2002
169,In the Line of Duty: The F.B.I. Murders,Mose Upston,1986
170,Big Jake,Byram Sellick,1996
171,Haxan: Witchcraft Through the Ages (a.k.a. The Witches),Jacklin Covington,1992
172,Class of Nuke 'Em High Part II: Subhumanoid Meltdown,Karim Ismirnioglou,2008
173,Quackser Fortune Has a Cousin in the Bronx,Katerine Body,1984
174,Tomcats,Pace Blamire,1988
175,So Much Water,Halette Labusch,1993
176,Masti,Clari Strotton,2011
177,"Salo, or The 120 Days of Sodom (Salò o le 120 giornate di Sodoma)",Petunia Smeeth,1995
178,Sonny,Alisa Briat,2006
179,Phyllis and Harold,Wesley Jay,1994
180,Killing Lincoln,Jaine Boeck,2007
181,Reincarnated,Blinny Grasser,2001
182,Love in Another Language (Baska Dilde Ask),Laurene Meaker,2009
183,Sliver,Phil Lammiman,1992
184,Goddess (Devi),Stacey Cator,2000
185,Hometown Legend,Annette Boodell,2003
186,Mary Poppins,Cosetta Barthelme,1989
187,Wind Chill,Nelle Ruprecht,1994
188,Dial M for Murder,Erastus Syalvester,2013
189,Terminator Salvation,Lucias Lepope,1987
190,King Kong,Weylin Bannerman,2006
191,Speed: In Search of Lost Time (Speed - Auf der Suche nach der verlorenen Zeit),Gabbey Cortes,2011
192,3 Ninjas,Patricio Genney,1996
193,Four Ways Out,Wendel Gilyatt,1978
194,The Fat Spy,Anjela Gaskins,2003
195,Walk of Shame,Fraser Carverhill,1989
196,Happy Feet,Lind Jamson,1992
197,Europa Report,Vickie Paolo,2002
198,Zathura,Ayn Faulkener,1993
199,King Arthur,Alwyn Backhouse,1998
200,Savannah,Sabra Leatham,1990
201,Confidence Girl,Verne Iiannoni,1992
202,Body Heat,Dominik Kelle,2011
203,"Social Network, The",Shawna Corton,1992
204,American Gun,Euell Roostan,1997
205,Gunless,Gennie Duff,1998
206,Trilogy of Terror II,Micheline Gavaran,1998
207,"Girl with the Red Scarf, The (Selvi boylum, al yazmalim)",Nelle Chalfant,1989
208,"Alley Cats, The",Egan Danilin,2001
209,"Secret Garden, The",Sibella Matschke,1960
210,Charlie Chan in London,Lorrayne Wasling,2002
211,"Dirty Dozen: Next Mission, The",Annetta Tunaclift,1997
212,"T,O,U,C,H,I,N,G",Gaylor Sabey,1988
213,Three Degrees Colder (3° kälter),Francisca Doe,1986
214,Hannie Caulder,Keene Richards,1991
215,The Count of Monte Cristo,Delano Ealles,1998
216,Moomins on the Riviera (Muumit Rivieralla),Alexandra Beldon,1987
217,First Man Into Space,Myles Domaschke,2008
218,"Magic Christmas Tree, The",Kacy Wathan,2003
219,Save Me,Cletus Breddy,1994
220,"Pruitt-Igoe Myth, The",Allister Ishchenko,1994
221,Asterix & Obelix: Mission Cleopatra (Astérix & Obélix: Mission Cléopâtre),Alejandro Okill,1996
222,Mr. Belvedere Goes to College,Prinz Scarman,1995
223,Julia and Julia (Giulia e Giulia),Mariya Milius,1992
224,Holiday,Janenna Bilby,2001
225,20 Million Miles to Earth,Consolata Blampey,1998
226,Marina Abramovic: The Artist Is Present,Josey Shieber,2007
227,Boot Camp,Kary Hinrich,2001
228,Out of Balance: ExxonMobil's Impact on Climate Change,Derwin Kesby,2005
229,"Seven-Per-Cent Solution, The",Clayton Riccelli,1998
230,Fellini: I'm a Born Liar (Fellini: Je Suis um Grand Menteur),Flori Kitcher,2003
231,"Tall Guy, The",Jeffry Bosence,2013
232,Serpico,Vyky Peedell,1979
233,Nekromantik,Consuela Kalkofer,2010
234,So Close (Chik Yeung Tin Sai),Salomi Orwin,2002
235,Othello,Aura Martinyuk,2008
236,Wide Awake,Engracia Bourbon,2005
237,"Other Side of Heaven, The",Tynan Carik,2002
238,"Three Musketeers, The",Matias Brognot,2012
239,Demonic,Aridatha Franey,1994
240,Blindness,Harwilll Skocroft,1991
241,Lucifer Rising,Odetta Rapp,2009
242,Brenda Starr,Katusha Blackham,2003
243,White on Rice,Scott Suckling,2008
244,Jim Gaffigan: Mr. Universe,Alessandra Sibbert,2012
245,"Wackness, The",Devin Tooze,1998
246,"Synecdoche, New York",Leonie Coggon,1974
247,Cruel Intentions 3,Anders Tetford,2008
248,Firewalker,Jessika Karmel,2008
249,"Fish Child, The (El niño pez)",Lew Goodrick,2001
250,Judith of Bethulia,Aldus Allsepp,1997
251,"Uninvited, The",Uri Ruckledge,2004
252,Snow Angels,Wat McDarmid,2003
253,Bambi Meets Godzilla,Nicky Vigours,2012
254,Sex & Drugs & Rock & Roll,Mickey Lawlie,2008
255,Väreitä,Hinze Newbury,2002
256,Duelist (Hyeongsa),Christa Beers,2003
257,Escape from New York,Caldwell O'Henehan,1988
258,Flight of the Intruder,Vidovic Hutchinges,1992
259,"Desert Fox, The",Adena Tather,1992
260,Elizabethtown,Dara Manthorpe,2004
261,Bones Brigade: An Autobiography,Benedikta Cristofor,2002
262,Trench Road (Juoksuhaudantie),Biron Tortis,1995
263,"Living Room of the Nation, The (Kansakunnan olohuone)",Pyotr Castagne,2008
264,"Dreamers, The",Iggie Sarfati,2006
265,As Far As My Feet Will Carry Me (So weit die Füße tragen),Darb Rembrant,1973
266,Nana,Hatty Jacop,2004
267,V: The Final Battle,Gustav Cheevers,2000
268,Twin Sitters,Philippe Wildgoose,2010
269,"Five Senses, The",Hedvig Bulfoy,2001
270,Foreign Letters,Helen-elizabeth Bangham,2010
271,"Cure, The",Rhiamon Pheazey,2008
272,Jack Frost,Oona Broose,1995
273,Big Game,Ines Pantone,2012
274,To the Shores of Tripoli,Maris Dutteridge,2008
275,"Romantic Englishwoman, The",Elana Wiltshear,2007
276,Bananas,Cozmo Isenor,2009
277,"Foster Brothers, The (Süt kardesler)",Hertha Brookson,2000
278,I Never Promised You a Rose Garden,Florina Valde,2000
279,"Children of the Century, The (Enfants du siècle, Les)",Sauncho Novotna,2009
280,"Me You Them (Eu, Tu, Eles)",Addi Nowill,2003
281,Hamlet,Torie Willerstone,1993
282,Pelle Svanslös,Urbano Haycox,2004
283,The Case of the Lucky Legs,Jojo Blasi,1986
284,"Phone Box, The (Cabina, La)",Katharina Sterling,1987
285,"Secret Life of Walter Mitty, The",Rem Mirfin,1996
286,Photographing Fairies,Llewellyn Atterbury,1994
287,Ismael,Timi McConaghy,2009
288,Bloodbrothers,Faina Giacomini,1998
289,Taking Woodstock,Jacquie Tunbridge,2002
290,"Man with the Iron Fists, The",Garv Churching,1984
291,Russian Doll,Darell Pardey,1992
292,Partners,Adriano MacKellar,2011
293,Death and Cremation,Joelle Lembke,2010
294,Trailer Park Boys: Countdown to Liquor Day,Jamesy Zanini,1986
295,"Study in Scarlet, A",Myrta Heighton,2006
296,Mata Hari,Latashia Boards,1992
297,Riding Giants,Hedi Onge,1997
298,"Phantom, The",Samuele Windas,1976
299,Splatter University,Sheridan Ditt,1996
300,Venom,Misty Warin,2002
301,Escape from Fort Bravo,Dionne Corbett,2011
302,American Beauty,Johan Lynas,1985
303,Boricua's Bond,Jocelyne Labusquiere,2003
304,History of the Eagles,Saunders Grimston,2004
305,"Caine Mutiny, The",Frazer Craine,1996
306,"Smile Like Yours, A",Emeline Jelphs,1992
307,22 Bullets (L'immortel),Cary Rameau,1999
308,Women in Love,Antonius Hince,1997
309,Greystone Park,Patrizio Jirasek,2007
310,Postcards From the Edge,Wolfy Polden,2007
311,"First Wives Club, The",Blondie Dibson,1995
312,"Student of Prague, The (a.k.a. Bargain with Satan, A) (Student von Prag, Der)",Letti Hucklesby,1993
313,"Sleeping Beauty, The (La belle endormie)",Neron MacKellen,2011
314,Return of the Killer Tomatoes!,Ricoriki Thying,1996
315,"Wizard of Oz, The",Bogey Tordoff,2007
316,The Improv: 50 Years Behind the Brick Wall,Ashby Saltsberg,1993
317,Faster Pussycat! Kill! Kill!,Aguistin Giacoppo,2006
318,"Scapegoat, The",Nathanael Knudsen,2006
319,Goldfinger,Robinia Trevance,2011
320,Warlock,Kimberly Gillhespy,2004
321,Inside Man,Valentine Tocknell,2010
322,That's The Way I Like It (a.k.a. Forever Fever),Alejandra Yakobowitz,2012
323,"Traviata, La",Sasha Broschek,2009
324,Outrageous Class (Hababam sinifi),Dennie Solly,2000
325,"Adventure in Space and Time, An",Lauretta Brownsill,2004
326,Barney's Great Adventure,Herschel Rauprich,1995
327,Tyler Perry's Daddy's Little Girls,Maurie Grinvalds,1995
328,Santa Claus Is a Stinker (Le Père Noël est une ordure),Welch Tzar,2007
329,Crush,Orville Sibray,1996
330,Undefeatable,Marrilee Gordon,2012
331,Slaughterhouse,Kimberley Hanway,2010
332,Wieners,Ty Czaple,1999
333,"Courage of the Eagles, The (Les aiguilles rouges)",Giffy Ancliffe,2007
334,We Won't Grow Old Together (Nous ne vieillirons pas ensemble),Ahmed Casse,2008
335,Neverwas,Valery Verney,1993
336,Yertle the Turtle and Other Stories,Shannah Witard,2009
337,Shopgirl,Chaim Costain,2006
338,Colombiana,Ellen Tow,2010
339,My Favorite Blonde,Jordon Ranald,2007
340,Catwalk,Glory Brabham,2001
341,Innocence,Isadora Buzzing,2007
342,A Night at the Movies: The Suspenseful World of Thrillers,Ernst Clutram,2009
343,Right at Your Door,Barnaby Bendel,1997
344,Zuzu Angel,Therese De Caville,2005
345,"Good, the Bad, the Weird, The (Joheunnom nabbeunnom isanghannom)",Peggi Migheli,1992
346,Dan in Real Life,Valeria Heineking,2006
347,Agenda: Grinding America Down,Rad Elkin,1969
348,Georgia,Nevil Fortin,1994
349,Pocahontas II: Journey to a New World ,Wald Reap,2003
350,My Wife Is a Gangster (Jopog manura),Maurise Stilly,1997
351,She,Prentiss Phillis,2001
352,Bending the Rules,Malvin Walework,1995
353,"Notebook, The (A nagy füzet)",Ki Muckle,2007
354,"Objective, The",Susann Figura,1992
355,You're Gonna Miss Me,Goober Starkings,1996
356,Stealth,Marlie Reinisch,1993
357,Little Women,Florance Hanbury,2003
358,"Brother from Another Planet, The",Em Lock,2012
359,'Hellboy': The Seeds of Creation,Pepe McPharlain,1972
360,"Point, The",Wake Copplestone,2010
361,Thirst (Pyaasa),Frayda Tilbey,2005
362,Hateship Loveship,Matty Webley,1998
363,Disorderlies,Kerry Thomton,2001
364,Ace Ventura: Pet Detective,Godfry Ronchetti,2003
365,"I, Madman",Alix Beville,2002
366,Aeon Flux,Monika Apple,2005
367,Carandiru,Willis Dundridge,2012
368,Vulgar,Daniella Stuther,2004
369,Dead Man Walking,Guntar Norley,2001
370,"Gunfighter, The",Aluino Ashbolt,2008
371,"Caveman's Valentine, The",Nicky MacCombe,1993
372,King Creole,Agatha Jeger,1987
373,Lush Life,Rickie Ficken,2004
374,"Disappearance of Alice Creed, The",Howie Dilland,2003
375,One Little Indian,Bary Barkley,2007
376,Celebrity,Brenda Handslip,2009
377,Blood and Black Lace (Sei donne per l'assassino),Jennette Escreet,2004
378,Dorian Gray,Kaila Felgate,2004
379,City Hall,Orlan Noone,1994
380,Broken English,Madelyn Salla,1991
381,Vizontele,Kandy Dabnot,2004
382,Jack Strong,Dolli Suttle,1995
383,"Third Wheel, The",Jobie McGinnell,2003
384,Lonely Hearts,Nickie Kavanagh,2004
385,Kaena: The Prophecy (Kaena: La prophétie),Broddie Bulman,2005
386,When in Rome,Karoly Dargie,1997
387,Tie Xi Qu: West of the Tracks (Tiexi qu),Olimpia Budget,2003
388,Rent-a-Kid,Karoline Ching,1995
389,Day of the Dead,Monah Davidek,2002
390,Frantic,Romain Aldus,2000
391,Cet amour-là,Marty Fardy,2011
392,Hercules and the Amazon Women,Amabelle Fevers,1995
393,Precision: The Measure of All Things,Giraud Coulton,2001
394,"Browning Version, The",Ulises Hawkings,2008
395,Who Can Kill a Child? (a.k.a. Island of the Damned) (¿Quién puede matar a un niño?),Yale Ortiga,1994
396,Shrek 2,Fletch Jagiela,1996
397,Putin's Kiss,Conway Mangeot,1997
398,MacGruber,Elka Heed,2006
399,Tennessee Johnson,Caty Nern,1996
400,Little Miss Broadway,Berna Sellors,1992
401,"Alan Smithee Film: Burn Hollywood Burn, An",Even Sainteau,2009
402,Dirty Love,Bran Furby,1987
403,Sarah Silverman: Jesus Is Magic,Salomi Matskevich,2011
404,Dylan Moran: Monster,Patton Liggett,2009
405,"Die, Mommie, Die",Winslow Soldi,2001
406,Any Given Sunday,Muriel Hatliff,2003
407,Picture Perfect,Chloe Phizaclea,2003
408,Modern Problems,Sammy Tocque,2007
409,Drop Dead Fred,Elisabet Denyagin,2003
410,Honeydripper,Lorrie MacGuffie,1996
411,Hamilton - In the Interest of the Nation,Tally Mellem,1999
412,White Wedding (Noce blanche),Averyl Cundy,2010
413,You Are So Beautiful (Je vous trouve très beau),Bartholomeus Sarre,2001
414,"Black Windmill, The",Sibella Keslake,2000
415,"Separation, The (Séparation, La)",Glennis Hutcheon,2002
416,"Eternal Return, The (L'éternel retour)",Amberly Lambol,2002
417,Quantum of Solace,Kipp McHugh,2005
418,I'm Not Scared (Io non ho paura),Elmo Stratten,2008
419,Shadowlands,Ines Alan,2004
420,"Imposter, The",Rafael Spatari,1997
421,"Exorcist III, The",Griz Pichmann,2000
422,Don't Tell Anyone (No se lo digas a nadie),Benji Riquet,1991
423,"House, The (A Casa)",Clareta Hutt,1999
424,Cell 211 (Celda 211),Chicky Hutchcraft,1984
425,Holy Rollers,Urbain Bowton,2001
426,Elena Undone,Fairfax Chavey,1997
427,Stage Fright,Ulrich Jedrys,1997
428,Shadowing the Third Man,Ava Broadbent,1997
429,Antares,Milena Shenfisch,1992
430,"Five Senses, The",Ronda Mandy,2006
431,"Nanny Diaries, The",Burt Solomon,2007
432,Intervista,Catarina Darbey,2003
433,Walker,Mylo Taylor,1993
434,Capote,Anette Monte,1995
435,Waco: A New Revelation,Sven Reynard,1997
436,Back to the Future,Merlina Darke,1993
437,Life,Faye Glitherow,1990
438,"Dry White Season, A",Lezlie Crockatt,1993
439,Superman/Shazam!: The Return of Black Adam (DC Showcase Original Shorts Collection),Avivah Mantram,2008
440,"Idle Class, The",Becca Stokey,1993
441,Hawks and Sparrows (Uccellacci e Uccellini),Cate Osgarby,2009
442,Red Riding Hood,Ritchie Fonteyne,2006
443,ATM,Hadlee Cockman,2005
444,Plunkett & MaCleane,Alikee Nuccitelli,1985
445,"Squaw Man, The",Silvanus Grodden,1988
446,Decoder,Bevon Martinot,2002
447,Country Life,Tally Bagby,2006
448,Blood: The Last Vampire,Kameko Spalding,2005
449,Guncrazy,Jacky Mogey,2005
450,1987,Roshelle Maplestone,2008
451,All the Rage (It's the Rage),Paulette Sturgis,2002
452,XIII: The Conspiracy,Christos Bernardeschi,1966
453,Mumia Abu-Jamal: A Case for Reasonable Doubt?,Rabi Shimwell,1995
454,Adulthood,Kalli Passman,2013
455,"Lincoln Lawyer, The",Adele Christophersen,2002
456,2009: Lost Memories,Cami Willingam,1993
457,"Sitter, The",Felisha Grayne,1996
458,Trust Me,Kaitlyn Smales,1998
459,Good,Jacintha Goodhew,1993
460,Speaking Parts,Nestor Linzee,2005
461,Medea,Jori Winn,1979
462,"Boys, The",Franny Altofts,2008
463,Red: Werewolf Hunter,Rodge Lampel,2010
464,Free the Nipple,Zechariah Tolliday,1998
465,"Bubble, The (Ha-Buah)",Pryce Acaster,2000
466,Forgotten,Shae Skains,2009
467,"Wheel, The (La Roue)",Tasia Basset,2001
468,Son of Lassie,Taylor McCusker,1991
469,"Earth Trembles, The (Terra trema: Episodio del mare, La)",Vick McQuaide,2003
470,Warm Bodies,Bennie Wordington,2013
471,Cobra,Eada Gregorio,2011
472,"Month by the Lake, A",Pollyanna Olliver,1992
473,Amore (L'Amore),Angel Marshall,2002
474,"Soldier's Story, A",Jyoti Stuck,2010
475,Dr. Who and the Daleks,Lucinda Beccera,1977
476,"Hole, The",Emili Giacobelli,2011
477,Best Worst Movie,Jackelyn Rodger,2007
478,Top Hat,Jen Tiltman,2007
479,Horrors of Spider Island (Ein Toter Hing im Netz),Glyn Dalinder,2012
480,Burrowing (Man tänker sitt),Eveleen Wragge,1995
481,Honest Man: The Life of R. Budd Dwyer,Jarrod Naulty,2008
482,Bride of Re-Animator,Lee Ganing,2004
483,"Beast, The (La bête)",Hector Croucher,2009
484,Johnny English,Tucky Flux,1983
485,Wicked City (Yôjû toshi),Nara Skpsey,2012
486,Made in Dagenham,Rodd Napleton,1998
487,"Simple Life, A (Tao jie)",Weider Haberfield,2005
488,Rebels of the Neon God (Qing shao nian nuo zha),Kaila Quartley,1961
489,"Task, The",Maxie McConnel,2011
490,"Well Spent Life, A",Jody Covey,1993
491,Frank,August Dibbe,1995
492,Comfort and Joy,Elga Dunster,2005
493,Saint (Sint),Jenn Brightey,2008
494,Play,Eben Thomel,2006
495,Only the Strong Survive - A Celebration of Soul,Raquela Arnke,2004
496,Family Affair ,Grier Jacketts,2002
497,Where the Wild Things Are,Giovanna Zahor,2000
498,Frisk,Tiphanie Tidridge,2011
499,"Fugitive, The",Tallou Fifield,1996
500,War of the Shaolin Temple (Shao Lin shi san gun seng),Elka Kubal,1997
501,"Business of Being Born, The",Shirlene Roney,2007
502,Save the Last Dance 2,Cookie Eves,2002
503,Mississippi Grind,Tomi Schust,2011
504,At Close Range,Gill Heckle,1993
505,"Life and Times of Allen Ginsberg, The",Humfrid Inskipp,2007
506,War,Nadine Dolling,1997
507,California Suite,Zollie Balthasar,2006
508,Pan,Nestor Grinsdale,1990
509,What If... (An...),Janith Cumber,2004
510,9to5: Days in Porn (a.k.a. 9 to 5: Days in Porn),Randy Younghusband,1999
511,"Misfortunates, The (De helaasheid der dingen)",Corissa Lathbury,1986
512,"Little Princess, A",Melitta Sambells,2005
513,All In This Tea,Kalvin Duckit,1996
514,Inspector Bellamy (Bellamy),Horst Kiwitz,1998
515,Chained,Noel Philbin,1996
516,Bitter Sweetheart,Angelico Myatt,2005
517,Young Einstein,Engracia Pacheco,1995
518,Camino,Waverly Joret,2007
519,Oscar and the Lady in Pink,Quintina Berrington,1995
520,"Entitled, The",Dimitry Anglin,2003
521,"Debt, The",Benetta Kleinplac,2000
522,V2: Dead Angel (Vares 2 - Jäätynyt Enkeli),Pauletta Carnall,1995
523,Afflicted,Marylou Ridgedell,2009
524,Black Cloud,Waring Roffey,2009
525,Django Unchained,Robinson Dancy,2000
526,Blondes at Work,Ursa Hamby,2004
527,Holes in My Shoes,Suzann Bowling,1987
528,Urban Legend,Malory Domegan,2008
529,Remember Me,Jeramey Shurlock,1955
530,"Son's Room, The (Stanza del figlio, La)",Charley Karslake,2012
531,Kolmistaan,Revkah Tapton,2010
532,Practical Magic,Perri Malcher,2005
533,Celsius 41.11: The Temperature at Which the Brain... Begins to Die,Hamlen Mauser,2011
534,Tokyo Drifter (Tôkyô nagaremono),Tiphanie Westhofer,2011
535,Of Freaks and Men (Pro urodov i lyudey),Drucill Adne,1998
536,My Girlfriend Is an Agent (Chilgeup gongmuwon),Sigismund Gerrens,1997
537,Valerie and Her Week of Wonders (Valerie a týden divu),Monah Trimmill,2005
538,Nowhere to Hide (Injeong sajeong bol geot eobtda),Gallard Bolger,1970
539,Intervista,Caryn Bubbings,2003
540,Doubt,Esme Libby,2012
541,X-Men: The Last Stand,Zelda Boykett,2011
542,Trouble Man,Lacy Sherville,2003
543,Le crocodile du Botswanga,Arlinda Gilardengo,1987
544,Son of Lassie,Corie Cremins,2011
545,Fiston,Gerda Pilbury,2011
546,Kites,Jeremias Collimore,2009
547,"Body Snatcher, The",Selle Grishinov,2006
548,Jealousy,Forrest Johananoff,2000
549,"Visitors, The",Briny Brome,1993
550,Simon & the Oaks,Ayn Crofthwaite,2009
551,Congorama,Chariot Francesconi,1994
552,Lay the Favorite,Athena Presser,2000
553,C.H.U.D.,Melvin Ludgrove,2000
554,Hedda Gabler,Spenser Sparey,2002
555,Surrogates,Inge Inge,1990
556,Daria: Is It College Yet?,Sheffie Caney,2006
557,Sky Captain and the World of Tomorrow,Evangelia Marrable,2001
558,Goon,Hardy Durrell,1997
559,Two Times Lotte,Alessandro Jimson,2008
560,Endless Love,Karyn MacDowal,1990
561,I Know Who Killed Me,Kippy Oldcote,1999
562,G,Fionnula Shearmur,2006
563,Moonraker,Felicity Lowseley,1991
564,Forest (Rengeteg),Corrie Haton,1985
565,Charlie Wilson's War,King Courtonne,1995
566,Greed,Anastasia Shearstone,1997
567,Breaker Morant,Abe Jarvis,2012
568,Henry V,Eugenio Symmons,2000
569,Finding Joy,Vick Redwall,2008
570,Jim Gaffigan: Obsessed,Charmaine Jales,1997
571,Dancing at the Blue Iguana,Westbrooke Huggill,2002
572,Bab'Aziz -The Prince Who Contemplated His Soul,Hamlin Tolomio,2000
573,"Circle, The (Dayereh)",Neville Cusack,2002
574,28 Days,Giusto Costock,2003
575,The Valley of Gwangi,Niccolo Tompkinson,1992
576,Target,Hyacinthie Crix,2007
577,Chaos,Belinda Dominelli,2012
578,Avatar,Ruthie Zollner,1998
579,Bon Voyage,Jourdan Ivashechkin,2005
580,Dear Me,Violette Stooke,2012
581,"Witches, The (aka Devil's Own, The)",Lindsey Gilbert,1996
582,"Arbor, The",Reggie McCulley,1996
583,In Between Days,Briney Tubble,1997
584,Topper Takes a Trip,Franky Town,1992
585,High and Dizzy,Victoria Crutchley,2010
586,Murphy's Law,Sander Steely,2009
587,Eddie Izzard: Force Majeure Live,Filberto Baldick,2004
588,Wild Is the Wind,Jefferson Gounel,1997
589,Sister Kenny,Zabrina MacShirie,1999
590,American Grindhouse,Corny Belch,1998
591,"Study in Choreography for Camera, A",Rosana Wellfare,2000
592,Raggedy Man,Waverley Theis,2009
593,Close Your Eyes (Hypnotic) (Doctor Sleep),Basilius Knights,2004
594,Zodiac,Jessalyn Red,2005
595,Offside,Godfrey Hallad,2005
596,Teenage Mutant Ninja Turtles III,Emelia Comar,2007
597,To Be and to Have (Être et avoir),Jodie Buckell,1997
598,Artists and Models,Bay Hartnup,1995
599,"Hanging Tree, The",Deedee Bertholin,2006
600,Interkosmos,Rubina Amber,2010
601,Platoon,Devan Hopkynson,2009
602,"First Beautiful Thing, The (La prima cosa bella)",Weber Stealy,2010
603,Berlin Express,Charley Bramhill,2012
604,"Godzilla 1985: The Legend Is Reborn (Gojira) (Godzilla) (Return of Godzilla, The)",Eleonora Gother,1999
605,A Gun for Jennifer,Bret Meindl,1999
606,RFK Must Die: The Assassination of Bobby Kennedy,Carleen Winser,2006
607,Me and Earl and the Dying Girl,Noam Studman,1997
608,"Tracker, The",Felipe Forsbey,2007
609,Fred & Vinnie,Sven Yantsev,2006
610,Home of the Brave,Tiphany Seabert,1993
611,Fuhrer Ex (Führer EX),Terrell Blois,2012
612,Clean Slate,Marv Flucker,2010
613,Life 2.0,Erminie Sommerville,1992
614,Double Play: James Benning and Richard Linklater,Juliann Hovey,2007
615,Pearls of the Deep (Perlicky na dne),Aluin Clementi,1989
616,Running from Crazy,Amata Czajkowska,1992
617,A True Mob Story,Garvin Tommeo,1990
618,Exodus (Cheut ai kup gei),Heath Prayer,1993
619,Curse of the Oily Man (Sumpah orang minyak) ,Zane Cuttle,2010
620,Season of Monsters (Szörnyek évadja) ,Johannes Bigglestone,2008
621,Bianca Beauchamp: All Access,Rosemarie Jenken,1986
622,Dead Leaves,Kristofor Knocker,2012
623,Rapid Fire,Anselm Glasner,2000
624,Love Crazy,Charyl Schuh,2012
625,Eddie Murphy Delirious,Thoma Kubiczek,2002
626,Jungle2Jungle (a.k.a. Jungle 2 Jungle),Phillida Ingall,1993
627,Christmas in Connecticut,Frank Crinage,1999
628,Elvis and Me,Zenia Hoston,2009
629,My Childhood,Miguela Dargie,1998
630,Willie & Phil,Barbabra Seifert,1992
631,Terror Train,Olly Garron,2007
632,"Librarian, The: The Curse of the Judas Chalice",Wood Scallan,2008
633,Portrait Werner Herzog,Abbot Gerholz,2007
634,Easy Money 2 (Snabba cash II),Janene Gives,2009
635,Honeymoon,Franky Carn,2005
636,Darker Than Night,Lamond Willison,2001
637,My Boyfriends' Dogs,Daryn Gauler,1992
638,"Centenarian Who Climbed Out the Window and Vanished, The (Hundraåringen som klev ut genom fönstret och försvann)",Nannie Linder,2012
639,Volver,Burke Mattusov,2005
640,How to Marry a Millionaire,Kristel Clemits,2012
641,"Wise Kids, The",Gwenore Krugmann,1999
642,Guadalcanal Diary,Sherman Aikin,1992
643,Child of God,Camila Bockh,2001
644,For the Moment,Marje Mallender,2008
645,Stalingrad,Grace Sperrett,2008
646,Down to Earth,Elmo Escoffier,1999
647,Friends & Lovers,Wells Phizacklea,1999
648,"Seven Little Foys, The",Herold Stradling,1996
649,Lady in the Lake,Novelia Readshall,1991
650,Soft Shell Man (Un crabe dans la tête),Caritta Radke,1985
651,American Splendor,Archaimbaud Reinmar,2013
652,Dabangg 2,Jacquelynn Bazley,1992
653,Future by Design,Romain Dasent,2009
654,Pale Cocoon (Peiru Kokun),Shawn Abrahm,2003
655,Coquette,Aprilette Hollyar,1987
656,They Made Me a Criminal (I Became a Criminal) (They Made Me a Fugitive),Rodi Cordeiro,1986
657,Enemies: A Love Story,Beau Hartnell,1997
658,Crac,Claudell Adolphine,1997
659,Choose,Agatha Baudain,1993
660,Alfie,Lars Littlewood,2009
661,"Ramen Girl, The",Kelwin Bottrell,2002
662,Born to Be Bad,Rustin Boman,2002
663,Take the Money and Run,Paola Leuren,2006
664,Three Colors: White (Trzy kolory: Bialy),Bev Puckey,1972
665,"Clay Bird, The (Matir moina)",Jori Whitlam,2009
666,FDR: American Badass!,Jody Chidzoy,2004
667,October,Laurence Setterington,2000
668,"Karol: A Man Who Became Pope (Karol, un uomo diventato Papa) (Karol. Czlowiek, który zostal papiezem)",Nanine Trematick,2012
669,"Mummy's Curse, The",Orran Jaszczak,1992
670,Purple Butterfly (Zi hudie),Iggie Peebles,1986
671,Born Reckless,Talya Ackwood,2008
672,Passion Flower,Findlay Durak,1994
673,Pulse,Renelle Skill,2001
674,Passengers,Fiona Collen,2005
675,Blackboard Jungle,Winston Whylie,2002
676,Adam & Paul,Hewie Wafer,2002
677,Hellsinki (Rööperi),Eartha Catherall,1995
678,Dante's Peak,Nat Helstrom,2006
679,Essential Killing,Rebecka Gillease,1992
680,Elfie Hopkins: Cannibal Hunter,Osbourn Chaffey,1999
681,Bitter Sweet,Shaughn Gerrell,2006
682,Girl 27,Woodie Klimkin,2001
683,Wild Hearts Can't Be Broken,Carolina Sweedy,1996
684,Soldier Blue,Dorette Lavelle,1990
685,Split Second,Lovell McMoyer,2009
686,My Best Friend (Mon meilleur ami),Filberto Dorward,1995
687,Year Zero: The Silent Death of Cambodia,Stafford Brunskill,2004
688,Bait,Cloe Sink,2000
689,Hysteria: The Def Leppard Story,Nanete Chalke,1973
690,Hannah Montana: The Movie,Giralda Duddell,1999
691,Panic,Angie Fortoun,1997
692,"Arrangement, The",Dermot Spykings,1985
693,Jane Eyre,Tiphany Lyptrit,2006
694,"Hunchback, The",Heddi Catherine,2005
695,Everybody's Acting,Haskell Sievewright,2002
696,Castle of Blood,Clifford Sears,1985
697,Reggie Watts: Why Shit So Crazy?,Cathryn Marklund,1995
698,Blithe Spirit,Arnuad Gail,1983
699,Constantine,Sabrina Gingell,1992
700,"Lower Depths, The (Donzoko)",Swen Petow,2012
701,Sorority Wars,Tynan Galletly,2012
702,Throne of Blood (Kumonosu jô),Etheline Lawlor,2006
703,Kaleidoscope,Carol Besque,2012
704,Het Vonnis,Kameko Porritt,2004
705,Insanitarium,Valentia Dyott,2005
706,Defendor,Dorisa MacRinn,1994
707,"Last of the Mohicans, The",Alia Galway,2006
708,Man Facing Southeast (Hombre mirando al sudeste),Pandora Lottrington,2002
709,Born American,Arthur Tomet,1987
710,"Goofy Movie, A",Sib Robken,2012
711,My Cousin Rachel,Simmonds Regler,2003
712,And While We Were Here,Kerri Gyde,2001
713,Broken Flowers,Diarmid Arlow,2008
714,Seven Chances,Marcos Cockerell,2003
715,Broken English,Katy Richarson,2006
716,Prince Avalanche,Tallie Lesek,1987
717,Forced Vengeance,Lucie Antat,2007
718,"Monster Walks, The",Lawrence Izachik,1998
719,Wu yen,Justis Barbey,2002
720,Campus Radio,Kally Heifer,1986
721,"Battle of Britain, The (Why We Fight, 4)",Blithe Cobbe,2003
722,"Angriest Man in Brooklyn, The",Nicky Kunneke,1992
723,Dr. Jekyll and Ms. Hyde,Emalia Geator,2010
724,Mary of Scotland,Lorie Posselow,1989
725,"Breath, The (Nefes: Vatan sagolsun)",Leroy Drinan,2010
726,"Boy Who Could Fly, The",Michael Griston,2007
727,Gacy,Daveen Keal,2011
728,Close-Up (Nema-ye Nazdik),Joshua Liffe,2001
729,Dinosaur 13,Nolan Poley,2007
730,"Hideous Sun Demon, The",Bobinette Kytley,2002
731,"Woman Who Drinks, The (La femme qui boit)",Albertine Rizon,1998
732,Tron,Marcel Chamberlayne,2001
733,Thampu,Therese Miner,2001
734,"Long Ride Home, The",Brook Purkins,2006
735,"Midsummer Night's Party, A (Midsummer of Love, A) (Sommaren med Göran)",Ives Cumberlidge,2002
736,For Greater Glory: The True Story of Cristiada,Cayla McMeanma,1996
737,"Parent Trap, The",Arlette Trenoweth,1999
738,So Proudly We Hail!,Alonso Balle,1992
739,A Girl Walks Home Alone at Night,Benedikta Sirette,1996
740,The Captains,Abigail Bizley,2002
741,Bruna Surfistinha,Josselyn Bon,1986
742,Harry Potter and the Deathly Hallows: Part 1,Stafani McJury,2004
743,"Paleface, The",Korrie Ferreo,2009
744,Fire in the Sky,Arlana Skirving,1993
745,Sound of My Voice,Carry Batsford,1995
746,Fury,Delmar Assinder,1997
747,"Glimmer Man, The",Connie McCrostie,2009
748,"Wool Cap, The",Hillery Jeram,2002
749,Fame,Jerome Golton,1989
750,"Hotel New Hampshire, The",Nicolette O'Currane,1992
751,Dream a Little Dream,Percival Barchrameev,2007
752,Beijing Bicycle (Shiqi sui de dan che),Chelsie MacDougall,2005
753,Empire State,Chrissie Kisby,1995
754,Losing Chase,Rowney Bourdas,2001
755,Emma,Gray Kuhnke,2005
756,Five,Daniella Wahncke,1990
757,"Oak, The (Balanta)",Wildon Kielt,2004
758,Dolan's Cadillac,Christabel Measom,2000
759,Cat's Eye,Sumner Blyde,2006
760,Duets,Bradly Breedy,2000
761,Malibu's Most Wanted,Lanni Eisenberg,2013
762,Code 46,Mitzi Gibbons,2004
763,Strange Invaders,Mavra Jockle,2010
764,"Neon Bible, The",Saree McAne,2004
765,"Late Show, The",Peder Risso,1987
766,Something Wild,Aggie Rearie,1992
767,"Iron Mask, The",Emlyn Reedshaw,1995
768,Forbidden Games (Jeux interdits),Devan Filgate,2005
769,Send a Bullet (Manda Bala),Aubine Ronayne,1995
770,Go,Allistir Mein,1997
771,Surf Ninjas,Erminia Di Boldi,2007
772,Teenage,Bessy Lundon,2004
773,Gerontophilia,Myrwyn Wippermann,1985
774,Nothing But the Night,Babbie Iglesias,1992
775,Under the Rainbow,Luce Manuelli,1975
776,Sundome,Edi Plumbley,1984
777,"Hijack That Went South, The (Kaappari)",Hyman Ive,2011
778,Shogun Assassin,Nickie Bulfoy,1996
779,White Reindeer,Jemmie Bloan,1988
780,He's Just Not That Into You,Benito Jeffries,2002
781,Female Perversions,Aridatha Krojn,1978
782,Bestseller (Be-seu-teu-sel-leo),Blaine Durrington,2009
783,Peter's Friends,Margaretha Kent,2004
784,William S. Burroughs: A Man Within,Vincenty Levet,2006
785,"SpongeBob SquarePants Movie, The",Wolf Hulburd,2002
786,Slasher,Demott Jurisch,2000
787,Teacher's Pet,Bayard Dun,2010
788,Night of the Ghouls,Mora Bosward,2011
789,Madadayo (a.k.a. Not Yet),Mella Cadwaladr,1996
790,"Crossing Guard, The",Bail Giraths,1987
791,Lethal Weapon 4,Damian Domanek,2009
792,Harvest (Stadt Land Fluss),Lizzy Vickers,1995
793,"Order, The",Alyce Meates,2000
794,"12 Dogs of Christmas, The",Noelani Probyn,2000
795,Doc of the Dead,Sammie Loddy,2009
796,George of the Jungle,Sue Hakking,2001
797,Black,Wendall Dinse,1997
798,McHale's Navy,Dominica Graveson,2010
799,Memoirs of an Invisible Man,Beau Redier,1989
800,Executive Decision,Nanny Olennikov,2011
801,Didier,Charisse Backe,1994
802,"Man with Bogart's Face, The",Conney Gallamore,2007
803,What Fault Is It of Ours?,Nickola Aubray,2004
804,"Human Stain, The",Wallie MacRonald,2012
805,Born to Kill,Sandro Geraldo,2002
806,Terumae romae (Thermae Romae),Anabal Skace,1998
807,Millennium Actress (Sennen joyû),Dannel Rawcliff,1997
808,"Valley of Decision, The",Aloysius Sloley,1994
809,White Sands,Vitia Burker,1997
810,Small Town Gay Bar,Raphael Kingsley,1993
811,"Fall of the House of Usher, The (House of Usher)",Darb Kwietek,1990
812,Marihuana,Karil Tomaschke,2001
813,"Jungle Book 2, The",Sheffie Ash,2010
814,Tai Chi Hero,Dix Nanson,1998
815,Willie & Phil,Skye Swateridge,1998
816,"Secret World of Arrietty, The (Kari-gurashi no Arietti)",Gillie Ennor,2006
817,"Classic, The (Klassikko)",Wendel Brose,2007
818,Everly,Norman Fall,2001
819,Under African Skies,Tully Gilley,2002
820,Neil Young: Human Highway,Creighton Palfrie,1996
821,"Diary of a Chambermaid (Journal d'une femme de chambre, Le)",Corliss Petrello,2007
822,"Grifters, The",Shermie Gounin,2010
823,"Straight Story, The",Hamlen Lorie,2012
824,Leprechaun: Origins,Trevar Arrigucci,1993
825,Fist of the North Star,Annmarie Rohan,2006
826,Just Bea (Bare Bea),Brett Beattie,2006
827,OMG Oh My God!,Ermanno Evers,1984
828,Patch Adams,Steve Claybourne,2002
829,Elevator Girl,Claudette Olechnowicz,2010
830,"Mighty Quinn, The",Daniela Orrell,2003
831,Music From Another Room,Alfy Northover,1996
832,No Way Back,Isa Ledford,2008
833,"Roman Spring of Mrs. Stone, The",Gwenny Pregal,1995
834,Macon County Line,Edyth Dyers,1989
835,Seoul Searching,Coletta Franzettoini,1994
836,I Live in Fear (Ikimono no kiroku),Janella Wenzel,1994
837,"Assault, The (L'assaut)",Larry Deport,2011
838,"Search for One-eye Jimmy, The",Belva Cawsy,2008
839,"Whip Hand, The",Mickey Polycote,1998
840,Pacific Heights,Jeffry Colquhoun,2002
841,"Cellar, The (Huset vid vägens ände)",Cecilla Cleef,2007
842,"Year Ago in Winter, A (Im Winter ein Jahr)",Brendin Titcom,2011
843,No Nukes,Monah Calfe,2005
844,Tea For Two,Saunders Thackston,2000
845,Our Daily Bread,Gino Havers,1999
846,Late Chrysanthemums (Bangiku),Griz Piburn,2001
847,Papa,Bree Giovannini,2003
848,Street Thief,Walker Goacher,2004
849,"Bird with the Crystal Plumage, The (Uccello dalle piume di cristallo, L')",Darrell Doman,1992
850,Phantom,Sigmund Briston,2009
851,Joshua,Ronalda Cossam,2012
852,Milka - A Film About Taboos (Milka - elokuva tabuista),Wilt Gostridge,1993
853,Die,Kayle King,1996
854,Bright Lights (Adventures in Africa),Carrissa Roaf,2001
855,Career,Nissa Brightling,1969
856,Extreme Prejudice,Otho Chevers,1994
857,Macon County Line,Bianka Bygreaves,2009
858,"Last Frontier, The",Verina Tarver,2012
859,Ferocious,Audie Bysouth,2006
860,Falling (a.k.a. Fallen),Jorrie Leggat,1993
861,Seven Years in Tibet,Bart Nowak,1973
862,Time Bandits,Allissa Grubb,1987
863,Butch Cassidy and the Sundance Kid,Illa Tofful,1992
864,What If... (An...),Clevie Partington,2007
865,It Might Get Loud,Davine Cholonin,1992
866,Fun,Maggie Adelsberg,2003
867,Trouble with the Curve,Nobe Glading,1993
868,Rosewood,Buckie Doubrava,2011
869,Timbuktu,Burlie Luesley,2012
870,Nick the Sting,Lovell Morphey,2000
871,Moulin Rouge,Beret Hothersall,2006
872,Forklift Driver Klaus: The First Day on the Job,Farrah Artus,1993
873,Wicker Park,Jaine Shermar,2005
874,Sweet Evil (L'enfance du mal),Merci Scoble,2004
875,Arcade,Norman Uzielli,2007
876,Sheena,Eddi Allwell,2011
877,Cinderella Liberty,Lilla Perks,2009
878,The Butterfly Effect 2,Hadria Oppery,1986
879,In Cold Blood,Daron Fuentes,2007
880,Emma's Bliss (Emmas Glück),Nestor Edscer,1996
881,Symbol (Shinboru),Codie Yellowlea,2002
882,Alice's Adventures in Wonderland,Lilian China,2005
883,Dragonball Evolution,Giselle Kliement,2011
884,Lili,Granger Diss,1995
885,"Kid in King Arthur's Court, A",Ariela Adamec,2000
886,"7th Voyage of Sinbad, The",Camilla Prall,2010
887,"Silent Night, Deadly Night Part 2",Kasper Letherbury,1989
888,Train,Rodolfo Danzey,2013
889,About Face: Supermodels Then and Now,Derrick Fishley,2005
890,Lenny Bruce: Swear to Tell the Truth,Theadora Strathdee,1995
891,Killer Legends,Gayle Shadfourth,1998
892,"Conqueror, The",Cullan Oldroyde,1996
893,Just One of the Guys,Matty Hegarty,1999
894,Wild Horses (Caballos salvajes),Nickolai Hadlee,1997
895,"Rise & Fall of ECW, The",Doti Bech,1996
896,Ingeborg Holm,Rosamund Southerton,2005
897,Chain of Fools,Nerty Sibbe,1997
898,"Afflicted, The",Laverna Furniss,2006
899,El Robobo De La Jojoya,Andy Dell'Abbate,2010
900,Caught,Bell Warlton,2012
901,Three Came Home,Renato Steer,1995
902,Tom at the Farm (Tom à la ferme),Trevar Overlow,2002
903,Meet Me at the Fair,Ilka Massy,1990
904,Jack Reacher,Mac Turvie,2011
905,Waking the Dead,Dale Holywell,1992
906,Zack and Miri Make a Porno,Wilmer Treneman,1998
907,Savannah,Tibold Coulling,1985
908,This Island Earth,Essy Oury,2003
909,Ganes,Moore Ridsdole,2011
910,"Endurance: Shackleton's Legendary Antarctic Expedition, The",Modesty Gofton,1994
911,Lord of the Flies,Max McDermott-Row,1992
912,Directed by John Ford,Alene Brownsword,1992
913,Un Piede in paradiso,Nichols Doyland,2006
914,"Cook the Thief His Wife & Her Lover, The",Ivonne Malpas,2001
915,Starlet,Pryce McCardle,2011
916,"League of Gentlemen, The",Oona Janca,2004
917,Lured,Fidelia Spatoni,2002
918,Philadelphia Experiment II,Sayers Scamal,1995
919,In & Out,Katharina McGrirl,2012
920,Charlotte's Web 2: Wilbur's Great Adventure,Kathe Philippard,1993
921,"Return to Homs, The",Bobbie Drury,1993
922,Almost Famous,Bunnie Yerrell,1987
923,Conrack,Clint Parsand,2011
924,Spider-Man,Sophronia Tressler,2011
925,Prince of the Sun: The Great Adventure of Horus (Taiyou no ouji Horusu no daibouken),Thom Medlicott,1989
926,"Me Too (Yo, también)",Andi Pentercost,2001
927,Dracula Untold,Rosanne Yelden,1987
928,"Hunchback of Notre Dame, The (Notre Dame de Paris)",Marcelo Caulier,1999
929,Of Mice and Men,Jobie Cooney,1997
930,"Long Ride Home, The",Jerome Zealander,2012
931,"Deceivers, The",Dulcine Candlish,1988
932,Ghosts... of the Civil Dead,Marsh Hardin,1994
933,Drömkåken,Paton Trinkwon,2012
934,Ring of Bright Water,Nicholle Habberjam,1998
935,"Septième juré, Le",Oralee Yuranovev,1994
936,Hyenas (Hyènes),Giulietta Clewarth,2009
937,Alcan Highway (Alaska Highway),Eleanora McGilbon,2008
938,Happiness (Schastye),Elna Apple,2004
939,"Secret of My Succe$s, The (a.k.a. The Secret of My Success)",Salim Dockree,1994
940,Exit to Eden,Nananne Tillett,2002
941,Chronicle of My Mother (Waga haha no ki),Shellie Lanchbury,1999
942,"Third Part of the Night, The (Trzecia czesc nocy)",Corliss Kaming,2008
943,Madeinusa,Bernarr Tortice,2005
944,His New Profession,Zebulen Pace,1991
945,"Flight That Fought Back, The",Kikelia Blackaller,2002
946,Slipstream,Euell Moreinu,2009
947,Despair,Titos Idwal Evans,1994
948,Not Forgotten,Daune Francisco,2003
949,"Sign of the Cross, The",Averill Walford,1999
950,Hilton!,Rhonda Tong,1995
951,Leave The World Behind,Michaeline Vlahos,2005
952,Metropia,Thomasina Sunderland,1971
953,"Golden Age, The (Âge d'Or, L')",Wilie Tremollet,1999
954,Out of the Fog,Waylen Mullard,1991
955,Marie Krøyer,Eben Klimkin,1993
956,Submerged,Lacy Marcinkus,2006
957,"Mother of Tears: The Third Mother (Terza madre, La)",Vlad Stook,1992
958,My Führer,Genevieve Banville,1995
959,Eight Crazy Nights (Adam Sandler's Eight Crazy Nights),Artemis Sallinger,2006
960,Made for Each Other,Andras Reside,2009
961,"Hunting and Gathering (Ensemble, c'est tout)",Joshuah Tommeo,1996
962,Omagh,Griz Shoosmith,2006
963,"Prize, The",Reggy Goosnell,2005
964,"Disappeared, The",Xever Bourner,2007
965,"3 Holiday Tails (Golden Christmas 2: The Second Tail, A)",Kerstin Cantrell,1998
966,"Glass Web, The",Rora Ashfold,1995
967,Joshua,Earl Gillbey,2009
968,Mutiny on the Bounty,Adi Barsby,2011
969,Party Monster,Madelon Arend,1992
970,Jumpin' Jack Flash,Rod Pavier,2009
971,"Bingo Long Traveling All-Stars & Motor Kings, The",Marielle Ebbotts,1993
972,Kahaani,Rosaline Dyott,2011
973,Manhattan Murder Mystery,Parry Biggin,1992
974,"Education of Little Tree, The",Warde Hudspith,2002
975,Money for Nothing,Jeannie Woosnam,1992
976,Paris Belongs to Us (Paris nous appartient),Kirsti Jerrans,1998
977,Happy We (Två killar och en tjej),Millie Laight,2008
978,High Plains Drifter,Hillyer Coldwell,2002
979,The Police Can't Move,Devina Dickins,1993
980,"Streetcar Named Desire, A",Wadsworth Madre,2007
981,Blackrock,Sayers Honatsch,1993
982,Under Ten Flags,Banky Hambribe,2008
983,Windows,Bettine Drinan,2010
984,Nevada Smith,Pearl Bernat,1996
985,Osaka Elegy (Naniwa erejî),Clio McElmurray,1988
986,"Trust Us, This Is All Made Up",Sunny Delgaty,1988
987,Gitmek: My Marlon and Brando (Gitmek: Benim Marlon ve Brandom),Bevvy Hubbold,1996
988,Bound,Abra Soigoux,2002
989,Toy Soldiers,Evelyn Hallgalley,2011
990,Forbidden Planet,Berke Saltmarshe,1999
991,Saratoga,Demetria Phittiplace,1985
992,Murder on a Honeymoon,Lebbie McCheyne,2011
993,When the Road Bends: Tales of a Gypsy Caravan,Evangelin MacKay,2005
994,"Earth Dies Screaming, The",Kylila Bridges,2004
995,Jurassic Park III,Giacobo De Cruce,2005
996,High School Musical,Darda Bellini,2004
997,"Missing Person, The",Somerset Wethey,2008
998,Smiling Fish and Goat on Fire,Griffith Scala,2010
999,Arbitrage,Brucie Glaysher,1993
1000,Snoopy Come Home,Ezekiel Munn,2008
